"Adresse","Type de contenu","Code HTTP","Statut","Crawl profondeur","Liens entrants"
"https://www.googletagmanager.com/ns.html?id=GTM-5KMWNZ2","text/html; charset=UTF-8","200","OK","1","0"
"https://www.meet-my-job.com/entreprises-impact/komut","text/html; charset=utf-8","200","OK","1","17478"
"https://komut.shipping-portal.com/","","301","Moved Permanently","2","6"
"https://www.youtube.com/embed/Fy5n22885qo?rel=0&autoplay=0","text/html; charset=utf-8","200","OK","2","0"
"https://support@lecomte-alpirando.be/","","301","Moved Permanently","2","6"
"http://aide/retours-echanges","","0","Échec de la recherche DNS","2","6"
"https://www.instagram.com/komut.bike/","text/html; charset=""utf-8""","200","OK","2","0"
"https://upway-public.storage.googleapis.com/scripts/publicPricing.bundle.js","text/javascript","200","OK","2","0"
"https://www.google.com/maps/place//data=!4m2!3m1!1s0x47c3db8693bcfd4d:0xdb6b0a3106bf43b4?sa=X&ved=1t:8290&ictx=111","text/html; charset=UTF-8","200","OK","2","6"
"https://www.youtube.com/embed/ulipF93W2MQ?rel=0&autoplay=0&controls=0","text/html; charset=utf-8","200","OK","2","0"
"https://privacy.google.com/businesses/adsservices/ ","text/html; charset=UTF-8","404","Not Found","2","6"
"https://bike43.com/mid-tail-cargo-family-bike/?utm_source=chatgpt.com","text/html; charset=UTF-8","200","OK","2","6"
"http://www.visa.com/splisting/searchGrsp.do?companyNameCriteria=ingenico","text/html","301","Moved Permanently","2","6"
"https://support.cloudflare.com/hc/en-us/articles/200170156-Understanding-the-Cloudflare-Cookies","text/html; charset=UTF-8","403","Forbidden","2","6"
"https://www.mollie.com/fr/privacy","text/html","404","Not Found","2","6"
"https://optout.networkadvertising.org/?c=1","","301","Moved Permanently","2","6"
"https://policies.google.com/privacy_policy","text/html; charset=utf-8","404","Not Found","2","6"
"https://www.cloudflare.com/privacypolicy/","text/html; charset=utf-8","200","OK","2","6"
"https://policies.google.com/technologies/ads?hl=fr","text/html; charset=utf-8","200","OK","2","6"
"http://www.visa.com/splisting/searchGrsp.do?companyNameCriteria=stripe","text/html","301","Moved Permanently","2","12"
"https://www.ovh.com/fr/protection-donnees-personnelles/","text/html; charset=iso-8859-1","301","Moved Permanently","2","12"
"http://www.visa.com/splisting/searchGrsp.do?companyNameCriteria=adyen","text/html","301","Moved Permanently","2","6"
"https://support.apple.com/guide/safari/manage-cookies-and-website-data-sfri11471/mac","","301","Moved Permanently","2","6"
"http://www.visa.com/splisting/searchGrsp.do?companyNameCriteria=paypal","text/html","301","Moved Permanently","2","6"
"https://aws.amazon.com/fr/compliance/programs/","text/html;charset=utf-8","200","","2","6"
"https://help.opera.com/en/latest/web-preferences/","text/html; charset=UTF-8","200","OK","2","6"
"https://support.microsoft.com/en-us/help/4468242/microsoft-edge-browsing-data-and-privacy","","301","Moved Permanently","2","6"
"https://policies.google.com/technologies/types","application/binary","301","Moved Permanently","2","6"
"https://www.adyen.com/policies-and-disclaimer/privacy-policy","text/plain","301","Moved Permanently","2","6"
"https://support.mozilla.org/en-US/kb/cookies-information-websites-store-on-your-computer","","406","Not Acceptable","2","6"
"https://www.facebook.com/about/privacy","text/html; charset=""utf-8""","302","Found","2","6"
"https://www.adyen.com/legal","text/html;charset=utf-8","200","OK","2","6"
"https://twitter.com/fr/privacy","text/html; charset=iso-8859-1","301","Moved Permanently","2","6"
"https://tools.google.com/dlpage/gaoptout?hl=en","text/html; charset=utf-8","200","OK","2","6"
"https://policies.google.com/privacy","text/html; charset=utf-8","200","OK","2","12"
"https://aws.amazon.com/fr/compliance","","301","","2","6"
"https://support.google.com/analytics/answer/6004245","text/html; charset=UTF-8","200","OK","2","6"
"https://payment-services.ingenico.com/int/en/cookie-policy","","0","Échec de la recherche DNS","2","6"
"https://support.google.com/chrome/answer/95647?hl=en","text/html; charset=UTF-8","200","OK","2","6"
"https://legacy-upgrade.odoo.com/","text/html","404","Not Found","2","6"
"https://www.paypal.com/be/webapps/mpp/ua/privacy-prev","","301","Moved Permanently","2","6"
"https://help.instagram.com/","text/html; charset=""utf-8""","200","OK","2","6"
"https://www.privacyshield.gov/welcome","","301","Moved Permanently","2","6"
"https://support.google.com/googlecloud/answer/6056694","text/html; charset=UTF-8","200","OK","2","6"
"https://stripe.com/be/privacy","text/html; charset=utf-8","301","Moved Permanently","2","6"
"https://developers.google.com/analytics/resources/concepts/gaConceptsCookies?hl=en","text/html; charset=utf-8","301","Moved Permanently","2","6"
"https://www.linkedin.com/company/komut-bikes/?viewAsMember=true","text/html; charset=utf-8","200","OK","2","0"
"https://www.facebook.com/komut.bike","text/html; charset=""utf-8""","200","OK","2","0"
"https://b2bike.be/","text/html; charset=UTF-8","302","Found","2","6"
"https://www.o2o.be/","text/html","302","Found","2","6"
"https://www.ubike.be/","text/html; charset=utf-8","200","OK","2","6"
"https://www.joule.be/","text/html; charset=utf-8","200","OK","2","6"
"https://www.lease-a-bike.be/","text/html; charset=utf-8","200","OK","2","6"
"https://www.youtube.com/embed/dMbcrCnriZI?rel=0&autoplay=0&controls=0","text/html; charset=utf-8","200","OK","2","0"
"https://www.mollie.com/be-fr/","text/html","200","OK","2","6"
"https://www.cyclis.be/","text/html; charset=UTF-8","200","OK","2","6"
"http://shop/category/velos-velos-electriques-velos-cargos-electriques-triporteur-electrique-2319","","0","Échec de la recherche DNS","3","12"
"https://lovensbikes.com/fr/","text/html; charset=UTF-8","200","OK","3","6"
"https://www.google.com/search?sca_esv=ff5a3d640eaa04bd&rlz=1C5CHFA_enBE996BE996&sxsrf=AE3TifMBMZ6XE8z1JiOG8pNotBnm2lRJVA:1760166761886&q=KOMUT+Bikes+|+Uccle&si=AMgyJEs9DArPE9xmb5yVYVjpG4jqWDEKSIpCRSjmm88XZWnGNcitxq9m2AQAt6-72hXE1Je5NzX95Seexg1nDUKOv5Q2GdsIdRN6qV2jG6k28gw4aCqwrU72ijxwLhEAcQNkhmBWcgyJ&sa=X&ved=2ahUKEwj-wdmUzJuQAxUWcKQEHT2yNecQ_coHegQIIhAB&cshid=1760166845136649","","0","Bloqué par robots.txt","3","12"
"https://maps.google.com/maps?q=Avenue%20Baron%20Albert%20d'Huart%2010%2C%201150%20Woluwe-Saint-Pierre&t=m&z=14&ie=UTF8&iwloc=&output=embed","text/html","301","Moved Permanently","3","0"
"https://maps.google.com/maps?q=KOMUT%20Saint-Gilles&t=m&z=14&ie=UTF8&iwloc=&output=embed","text/html","301","Moved Permanently","3","0"
"https://www.google.com/search?sca_esv=ff5a3d640eaa04bd&rlz=1C5CHFA_enBE996BE996&sxsrf=AE3TifNXtUkvhxy6dRRnXJVaT383JfXMNw:1760167200901&q=KOMUT+Bikes+|+Saint-Gilles&si=AMgyJEs9DArPE9xmb5yVYVjpG4jqWDEKSIpCRSjmm88XZWnGNQSEQgXkuiW_n7SHXKQz5ckdADZv18M0whvkH4MnEQqPb5erEp3LCWtVxqRaIJEEho6CA1vrIBRs0LHojdXRRm68VwNw&sa=X&ved=2ahUKEwic8YTmzZuQAxWAQ6QEHQz4EccQ_coHegQIMRAB","","0","Bloqué par robots.txt","3","6"
"https://www.google.com/maps/place/KOMUT+Bikes+|+Uccle/@50.8142676,4.358383,17z/data=!3m1!4b1!4m6!3m5!1s0x47c3c5ef4ddae7cb:0x6e917686d79fb41!8m2!3d50.8142676!4d4.3609579!16s%2Fg%2F11s82zmfdf?entry=ttu&g_ep=EgoyMDI1MTAwOC4wIKXMDSoASAFQAw%3D%3D","text/html; charset=UTF-8","200","OK","3","12"
"https://maps.google.com/maps?q=KOMUT%20Bikes%20|%20Uccle&t=m&z=13&ie=UTF8&iwloc=&output=embed","text/html","301","Moved Permanently","3","0"
"https://www.google.com/search?q=google.com%2Fsearch%3Fq%3Dkomut%2Buccle%26rlz%3D1C5CHFA_enBE996BE996%26oq%3Dkomut%2Buc%26gs_lcrp%3DEgZjaHJvbWUqDggAEEUYJxg7GIAEGIoFMg4IABBFGCcYOxiABBiKBTIGCAEQRRhAMgYIAhBFGDkyBggDEEUYOzIKCAQQABgTGBYYHjIGCAUQRRg9MgYIBhBFGD0yBggHEEUYPagCALACAA%26sourceid%3Dchrome%26ie%3DUTF-8&rlz=1C5CHFA_enBE996BE996&oq=&gs_lcrp=EgZjaHJvbWUqBggAEEUYQTIGCAAQRRhBMg4IARBFGCcYORiABBiKBTIKCAIQABgTGBYYHjIKCAMQABgTGBYYHjIKCAQQABiABBiiBDIGCAUQRRg8MgYIBhBFGDwyBggHEEUYQdIBCDI2NzRqMGo0qAIAsAIB&sourceid=chrome&ie=UTF-8","","0","Bloqué par robots.txt","3","6"
"https://www.google.com/maps/place/KOMUT+Bikes+|+Saint-Gilles/@50.8249829,4.352054,17z/data=!3m1!4b1!4m6!3m5!1s0x47c3c599ec04181f:0x9cd236cbc1ac9afd!8m2!3d50.8249829!4d4.3546289!16s%2Fg%2F11vrtlpvqh?entry=ttu&g_ep=EgoyMDI0MTIwNC4wIKXMDSoASAFQAw%3D%3D","text/html; charset=UTF-8","200","OK","3","6"
"https://d1mo5ln9tjltxq.cloudfront.net/-/media/images/my23/bikes/electric/e-urban/tesoro-neo-carbon/pdp/c23_tesoroneocarbon_pdp_desktop_3a_v2.ashx?mh=2560&mw=1920&hash=B36508491EE078A80BB788AB3542223D","image/jpeg","200","OK","3","0"
"https://d1mo5ln9tjltxq.cloudfront.net/-/media/images/my23/bikes/electric/e-urban/tesoro-neo-carbon/pdp/c23_tesoroneocarbon_pdp_desktop_2_europe.ashx?mh=2560&mw=1920&hash=35BA88D681956F64DB102FD939BD55F4","image/jpeg","200","OK","3","0"
"https://images.immediate.co.uk/production/volatile/sites/21/2023/11/C24TesoroNeoCarbonBeautyWhite0004-6a187bd-e1701098762622.jpg?quality=90&resize=620%2C413","image/jpeg","200","OK","3","0"
"https://lovensbikes.com/fr/lovens-abs/","text/html; charset=UTF-8","200","OK","3","6"
"https://lovensbikes.com/fr/service/","text/html; charset=UTF-8","200","OK","3","6"
"https://www.optima-cycles.nl/wp-content/uploads/2024/12/Actievoorwaarden-Lovens-LED-en-Regenhuif-actie-verlenging-tot-januari-FR.pdf","application/pdf","200","OK","3","6"
"https://mobilite.wallonie.be/home/je-suis/un-citoyen/a-velo/prime-regionale-velo.html","text/html;charset=UTF-8","404","","3","6"
"https://www.cofidis.be/fr/blog-information-sur-le-TAEG.html","text/html; charset=utf-8","200","OK","3","12"
"https://www.cofidis.be/fr/definition-credit.html","text/html; charset=utf-8","200","OK","3","6"
"https://www.cofidis.be/fr/guide-pret-temperament.html","text/html; charset=utf-8","200","OK","3","6"
"https://www.cofidis.be/fr/definition-justificatif.html","text/html; charset=utf-8","200","OK","3","6"
"https://mobilit.belgium.be/fr/mobilite-durable/velos/avantages-fiscaux-et-primes-velo","text/html","200","OK","3","6"
"https://www.cofidis.be/fr/simulation-credit.html","text/html; charset=utf-8","200","OK","3","6"
"https://environnement.brussels/citoyen/services-et-demandes/primes-et-aides-financieres/la-prime-mobilite-bruxellair-pour-se-deplacer-autrement-dans-la-capitale","","0","Connexion refusée","3","6"
"https://www.o2o.be/fr/calculez-votre-avantage","text/html; charset=utf-8","200","OK","3","6"
"https://www.lease-a-bike.be/fr/calculatrice","text/html; charset=utf-8","200","OK","3","6"
"https://www.ubike.be/fr-be/calculateur-leasing-velo","text/html","301","Moved Permanently","3","6"
"https://b2bike.be/fr/calculateur","text/html; charset=UTF-8","200","OK","3","6"
"https://fr.joule.be/calculator","text/html; charset=UTF-8","301","Moved Permanently","3","6"
"https://www.cyclis.be/fr/calculator/","text/html; charset=UTF-8","301","Moved Permanently","3","6"
"https://lucien.bike/fr/marques-de-velos/","text/html; charset=iso-8859-1","301","Moved Permanently","3","6"
"https://www.youtube.com/embed/OJSwHkGh15g?rel=0&autoplay=0&modestbranding=1","text/html; charset=utf-8","200","OK","4","0"
"https://www.youtube.com/embed/2YNOTp0NoPo?rel=0&autoplay=0&modestbranding=1","text/html; charset=utf-8","200","OK","4","0"
"https://www.youtube.com/embed/vQeF-9m22wo?rel=0&autoplay=0&modestbranding=1","text/html; charset=utf-8","200","OK","4","0"
"https://www.youtube.com/embed/mZ8CvhFpiE0?rel=0&autoplay=0","text/html; charset=utf-8","200","OK","4","0"
"https://d2csxpduxe849s.cloudfront.net/media/07996A5F-31AD-4D03-959900DEDA13913C/4E5C44DF-FAE5-4DBC-BF526104C3CE7DC0/D23CB3D5-778A-45F5-AFEF772E08F2B648/1to1-woom_cyclope_bike_lights_front_detail.jpg","image/jpeg","200","OK","4","0"
"https://d2csxpduxe849s.cloudfront.net/media/07996A5F-31AD-4D03-959900DEDA13913C/F02FBC42-717E-4FDF-97911F2DC935D3AF/9F00187A-95A4-491D-B3176BFD1643D368/1to1-woom_cyclope_bike_lights_back_detail.jpg","image/jpeg","200","OK","4","0"
"https://www.jclindbikes.com/tern-hsd-p5i.html?utm_source=chatgpt.com","text/html;charset=utf-8","200","OK","4","12"
"https://www.ebike24.com/blog/ebike-tern-hsd-2023?utm_source=chatgpt.com","","0","Bloqué par robots.txt","4","12"
"https://www.ebike24.com/tern-hsd-p5i-20-foldable-compact-bike?utm_source=chatgpt.com","","0","Bloqué par robots.txt","4","12"
"https://electricavenuebike.com/store/tern-hsd-p5i-smart-system-dragon-fruit-545wh-performance-copy/?utm_source=chatgpt.com","text/html; charset=UTF-8","200","OK","4","48"
"https://www.hardtfamilycyclery.com/bikes/electric-bikes/tern-hsd-p5i-e-bike-in-sea-breeze__481?utm_source=chatgpt.com","","0","Expiration du délai de connexion","4","36"
"https://www.youtube.com/embed/bn-F4Qw_QO8?rel=0&autoplay=0","text/html; charset=utf-8","200","OK","4","0"
"https://www.youtube.com/embed/C1gujudTUmM?rel=0&autoplay=0","text/html; charset=utf-8","200","OK","4","0"
"https://www.youtube.com/embed/UpVuwVTUDss?rel=0&autoplay=0","text/html; charset=utf-8","200","OK","5","0"
"https://www.youtube.com/embed/E6L1NKROsDQ?rel=0&autoplay=0&fs=0","text/html; charset=utf-8","200","OK","5","0"
"https://www.youtube.com/embed/Oz_aje-IRp0?rel=0&autoplay=0","text/html; charset=utf-8","200","OK","5","0"
"https://www.ternbicycles.com/fr-be/bikes/472/hsd-p10","text/html; charset=UTF-8","200","OK","5","6"
"http://www.youtube.com/embed/Fy5n22885qo?rel=0&autoplay=0","application/binary","301","Moved Permanently","6","0"
"http://www.youtube.com/embed/dMbcrCnriZI?rel=0&autoplay=0&controls=0","application/binary","301","Moved Permanently","6","0"
"http://www.youtube.com/embed/ulipF93W2MQ?rel=0&autoplay=0&controls=0","application/binary","301","Moved Permanently","6","0"
"https://www.youtube.com/embed/10QMG2c1YnE?rel=0&autoplay=0&fs=0","text/html; charset=utf-8","200","OK","6","0"
"http://www.youtube.com/embed/OJSwHkGh15g?rel=0&autoplay=0&modestbranding=1","application/binary","301","Moved Permanently","7","0"
"http://www.youtube.com/embed/2YNOTp0NoPo?rel=0&autoplay=0&modestbranding=1","application/binary","301","Moved Permanently","7","0"
"http://www.youtube.com/embed/vQeF-9m22wo?rel=0&autoplay=0&modestbranding=1","application/binary","301","Moved Permanently","8","0"
"http://www.youtube.com/embed/C1gujudTUmM?rel=0&autoplay=0","application/binary","301","Moved Permanently","8","0"
"http://www.youtube.com/embed/mZ8CvhFpiE0?rel=0&autoplay=0","application/binary","301","Moved Permanently","8","0"
"http://www.youtube.com/embed/bn-F4Qw_QO8?rel=0&autoplay=0","application/binary","301","Moved Permanently","8","0"
"http://www.youtube.com/embed/E6L1NKROsDQ?rel=0&autoplay=0&fs=0","application/binary","301","Moved Permanently","9","0"
"http://www.youtube.com/embed/UpVuwVTUDss?rel=0&autoplay=0","application/binary","301","Moved Permanently","9","0"
"http://www.youtube.com/embed/Oz_aje-IRp0?rel=0&autoplay=0","application/binary","301","Moved Permanently","9","0"
"http://www.youtube.com/embed/10QMG2c1YnE?rel=0&autoplay=0&fs=0","application/binary","301","Moved Permanently","10","0"
